datetime,price_QLD1,demand_QLD1,demand_energy_QLD1
2024-01-01 00:00:00+10:00,65.840833,6197.7025,6202.22
2024-01-01 01:00:00+10:00,51.865833,6080.465,6088.46
2024-01-01 02:00:00+10:00,53.718333,5882.9917,5889.73
2024-01-01 03:00:00+10:00,51.5875,5759.655,5762.59
2024-01-01 04:00:00+10:00,45.140833,5735.6175,5739.2
2024-01-01 05:00:00+10:00,35.269167,5671.785,5673.05
2024-01-01 06:00:00+10:00,6.2966667,5616.2858,5616.86
2024-01-01 07:00:00+10:00,25.845833,5651.4583,5649.56
2024-01-01 08:00:00+10:00,29.600833,5752.3867,5751.4
2024-01-01 09:00:00+10:00,46.879167,5847.0092,5841.2
2024-01-01 10:00:00+10:00,42.145833,5965.3333,5955.44
2024-01-01 11:00:00+10:00,46.990833,6131.425,6128.37
2024-01-01 12:00:00+10:00,22.005,6056.8375,6063.95
2024-01-01 13:00:00+10:00,28.6825,6055.8808,6048.0
2024-01-01 14:00:00+10:00,37.55,6378.1358,6364.76
2024-01-01 15:00:00+10:00,34.3075,6692.1067,6678.53
2024-01-01 16:00:00+10:00,35.7425,6984.61,6970.14
2024-01-01 17:00:00+10:00,57.334167,7283.2242,7276.07
2024-01-01 18:00:00+10:00,66.274167,7334.26,7333.31
2024-01-01 19:00:00+10:00,69.933333,7249.0075,7257.59
2024-01-01 20:00:00+10:00,66.458333,7024.3283,7034.45
2024-01-01 21:00:00+10:00,59.36,6679.2917,6696.36
2024-01-01 22:00:00+10:00,53.8775,6332.1108,6345.25
2024-01-01 23:00:00+10:00,60.665,6049.0017,6058.86
2024-01-02 00:00:00+10:00,59.769167,5818.1192,5823.95
2024-01-02 01:00:00+10:00,57.415833,5680.67,5688.85
2024-01-02 02:00:00+10:00,55.049167,5570.7533,5573.97
2024-01-02 03:00:00+10:00,53.200833,5574.0225,5572.35
2024-01-02 04:00:00+10:00,54.01,5648.9933,5641.35
2024-01-02 05:00:00+10:00,60.135833,5820.5025,5815.73
2024-01-02 06:00:00+10:00,53.615833,6090.8183,6080.62
2024-01-02 07:00:00+10:00,26.796667,6257.62,6252.56
2024-01-02 08:00:00+10:00,26.2275,6163.4858,6162.51
2024-01-02 09:00:00+10:00,40.735,6239.5208,6239.85
2024-01-02 10:00:00+10:00,34.218333,6493.2575,6480.7
2024-01-02 11:00:00+10:00,36.095833,6653.0133,6649.22
2024-01-02 12:00:00+10:00,21.111667,6600.6967,6603.9
2024-01-02 13:00:00+10:00,23.7825,6557.3058,6561.25
2024-01-02 14:00:00+10:00,11.110833,6547.4933,6539.37
2024-01-02 15:00:00+10:00,13.829167,6630.98,6628.29
2024-01-02 16:00:00+10:00,34.465,7035.1292,7011.56
2024-01-02 17:00:00+10:00,45.570833,7440.0408,7427.64
2024-01-02 18:00:00+10:00,73.570833,7719.3717,7710.07
2024-01-02 19:00:00+10:00,92.7225,7819.1467,7820.25
2024-01-02 20:00:00+10:00,89.530833,7567.7042,7584.77
2024-01-02 21:00:00+10:00,65.6225,7165.395,7180.63
2024-01-02 22:00:00+10:00,68.158333,6721.4758,6739.77
2024-01-02 23:00:00+10:00,97.721667,6386.1567,6400.09
2024-01-03 00:00:00+10:00,81.114167,6068.8058,6082.18
2024-01-03 01:00:00+10:00,65.370833,5872.7083,5879.09
2024-01-03 02:00:00+10:00,62.533333,5753.8675,5754.72
2024-01-03 03:00:00+10:00,62.1175,5719.8158,5722.7
2024-01-03 04:00:00+10:00,67.930833,5728.05,5724.25
2024-01-03 05:00:00+10:00,82.2575,5795.9817,5797.15
2024-01-03 06:00:00+10:00,16.8475,5695.5983,5703.04
2024-01-03 07:00:00+10:00,-23.221667,5485.5733,5497.38
2024-01-03 08:00:00+10:00,-23.63,5328.8158,5328.35
2024-01-03 09:00:00+10:00,-20.5,5335.1608,5334.28
2024-01-03 10:00:00+10:00,-9.3833333,5454.7283,5447.24
2024-01-03 11:00:00+10:00,26.394167,5655.1883,5638.11
2024-01-03 12:00:00+10:00,34.324167,6136.4908,6125.59
2024-01-03 13:00:00+10:00,23.970833,6108.725,6109.83
2024-01-03 14:00:00+10:00,44.631667,6448.1942,6422.27
2024-01-03 15:00:00+10:00,52.2175,7108.0992,7080.95
2024-01-03 16:00:00+10:00,75.5025,7693.555,7667.0
2024-01-03 17:00:00+10:00,85.714167,8331.8392,8313.27
2024-01-03 18:00:00+10:00,213.17167,8533.5717,8531.16
2024-01-03 19:00:00+10:00,148.28083,8484.56,8493.52
2024-01-03 20:00:00+10:00,108.12333,8161.0367,8173.7
2024-01-03 21:00:00+10:00,93.089167,7746.1842,7770.75
2024-01-03 22:00:00+10:00,79.2375,7124.7533,7145.66
2024-01-03 23:00:00+10:00,77.415,6714.4108,6730.69
2024-01-04 00:00:00+10:00,61.171667,6355.3017,6367.74
2024-01-04 01:00:00+10:00,58.971667,6146.9525,6156.03
2024-01-04 02:00:00+10:00,57.795833,5994.2017,5995.83
2024-01-04 03:00:00+10:00,60.099167,5916.115,5919.75
2024-01-04 04:00:00+10:00,61.240833,5926.3242,5927.37
2024-01-04 05:00:00+10:00,65.699167,5956.8342,5955.12
2024-01-04 06:00:00+10:00,31.281667,5883.345,5884.54
2024-01-04 07:00:00+10:00,21.975,5810.9742,5818.64
2024-01-04 08:00:00+10:00,39.233333,5986.32,5963.55
2024-01-04 09:00:00+10:00,29.583333,6174.1842,6182.92
2024-01-04 10:00:00+10:00,29.205833,5991.3542,5994.1
2024-01-04 11:00:00+10:00,22.108333,5967.155,5962.77
2024-01-04 12:00:00+10:00,44.488333,6315.0908,6301.12
2024-01-04 13:00:00+10:00,53.118333,6575.3025,6561.8
2024-01-04 14:00:00+10:00,45.305833,7058.7092,7034.02
2024-01-04 15:00:00+10:00,40.369167,7644.2992,7621.79
2024-01-04 16:00:00+10:00,65.0575,8398.3483,8367.06
2024-01-04 17:00:00+10:00,102.43083,8925.555,8906.38
2024-01-04 18:00:00+10:00,196.13,9060.0492,9059.37
2024-01-04 19:00:00+10:00,170.58417,8979.2433,8990.36
2024-01-04 20:00:00+10:00,165.9475,8626.4767,8643.66
2024-01-04 21:00:00+10:00,105.26833,8072.4342,8099.01
2024-01-04 22:00:00+10:00,80.4375,7434.0883,7461.24
2024-01-04 23:00:00+10:00,77.745,6935.2167,6955.25
2024-01-05 00:00:00+10:00,66.481667,6534.0142,6546.57
2024-01-05 01:00:00+10:00,63.959167,6300.09,6309.52
2024-01-05 02:00:00+10:00,57.620833,6122.76,6125.67
2024-01-05 03:00:00+10:00,60.625,6079.0133,6076.58
2024-01-05 04:00:00+10:00,66.533333,6121.1275,6122.38
2024-01-05 05:00:00+10:00,67.484167,6169.9408,6168.66
2024-01-05 06:00:00+10:00,20.978333,6140.5108,6140.74
2024-01-05 07:00:00+10:00,8.83,6114.8817,6115.54
2024-01-05 08:00:00+10:00,40.4675,6324.9575,6311.35
2024-01-05 09:00:00+10:00,30.274167,6462.38,6463.63
2024-01-05 10:00:00+10:00,27.109167,6476.4892,6475.9
2024-01-05 11:00:00+10:00,24.255833,6409.5542,6406.4
2024-01-05 12:00:00+10:00,14.458333,6362.8167,6368.27
2024-01-05 13:00:00+10:00,22.988333,6687.6567,6665.6
2024-01-05 14:00:00+10:00,37.215833,7108.5858,7093.51
2024-01-05 15:00:00+10:00,38.339167,7524.8033,7504.93
2024-01-05 16:00:00+10:00,67.125,8051.9217,8024.38
2024-01-05 17:00:00+10:00,68.4475,8404.0367,8401.48
2024-01-05 18:00:00+10:00,119.46667,8484.6717,8481.42
2024-01-05 19:00:00+10:00,98.776667,8475.12,8482.13
2024-01-05 20:00:00+10:00,101.63833,8197.3117,8213.83
2024-01-05 21:00:00+10:00,83.264167,7741.465,7760.36
2024-01-05 22:00:00+10:00,77.984167,7271.8383,7290.63
2024-01-05 23:00:00+10:00,62.54,6838.0567,6857.62
2024-01-06 00:00:00+10:00,57.54,6452.335,6462.58
2024-01-06 01:00:00+10:00,54.700833,6221.7917,6229.42
2024-01-06 02:00:00+10:00,43.843333,6018.6342,6025.9
2024-01-06 03:00:00+10:00,46.264167,5969.2458,5970.96
2024-01-06 04:00:00+10:00,55.671667,5949.88,5951.72
2024-01-06 05:00:00+10:00,48.1775,5888.2525,5895.41
2024-01-06 06:00:00+10:00,-3.6116667,5629.8842,5639.86
2024-01-06 07:00:00+10:00,-17.345,5461.4508,5468.13
2024-01-06 08:00:00+10:00,-11.030833,5431.655,5423.21
2024-01-06 09:00:00+10:00,-6.025,5579.4533,5583.08
2024-01-06 10:00:00+10:00,-10.471667,5535.295,5529.87
2024-01-06 11:00:00+10:00,-4.98,5505.5325,5502.02
2024-01-06 12:00:00+10:00,6.7516667,5721.5908,5715.37
2024-01-06 13:00:00+10:00,28.965,5855.5775,5857.77
2024-01-06 14:00:00+10:00,12.035833,5936.5908,5924.84
2024-01-06 15:00:00+10:00,40.5825,6286.39,6266.49
2024-01-06 16:00:00+10:00,52.948333,6874.2108,6846.37
2024-01-06 17:00:00+10:00,76.815833,7325.3708,7313.37
2024-01-06 18:00:00+10:00,98.515833,7550.3142,7544.49
2024-01-06 19:00:00+10:00,93.931667,7626.5092,7628.09
2024-01-06 20:00:00+10:00,79.786667,7425.9767,7437.73
2024-01-06 21:00:00+10:00,78.8525,7085.88,7099.68
2024-01-06 22:00:00+10:00,82.0625,6744.4675,6757.89
2024-01-06 23:00:00+10:00,75.176667,6420.5325,6436.85
2024-01-07 00:00:00+10:00,62.286667,6114.8767,6125.53
2024-01-07 01:00:00+10:00,62.4225,5944.4183,5949.5
2024-01-07 02:00:00+10:00,61.803333,5824.5467,5827.56
2024-01-07 03:00:00+10:00,59.168333,5722.1867,5725.96
2024-01-07 04:00:00+10:00,55.838333,5703.3442,5706.52
2024-01-07 05:00:00+10:00,51.190833,5600.3958,5607.03
2024-01-07 06:00:00+10:00,18.24,5343.2617,5357.08
2024-01-07 07:00:00+10:00,-18.333333,5021.5333,5034.18
2024-01-07 08:00:00+10:00,-29.205833,4780.1492,4787.09
2024-01-07 09:00:00+10:00,-22.683333,4760.6475,4755.1
2024-01-07 10:00:00+10:00,-9.2583333,5008.145,4996.71
2024-01-07 11:00:00+10:00,-14.821667,5063.8525,5061.22
2024-01-07 12:00:00+10:00,0.8225,5240.665,5231.43
2024-01-07 13:00:00+10:00,8.5166667,5420.7283,5411.19
2024-01-07 14:00:00+10:00,28.679167,5854.4167,5825.96
2024-01-07 15:00:00+10:00,44.833333,6533.1058,6512.65
2024-01-07 16:00:00+10:00,68.87,7042.6925,7023.82
2024-01-07 17:00:00+10:00,80.925833,7530.6117,7509.98
2024-01-07 18:00:00+10:00,116.49083,7861.195,7853.92
2024-01-07 19:00:00+10:00,105.8525,7863.2367,7870.04
2024-01-07 20:00:00+10:00,96.2375,7611.6308,7624.0
2024-01-07 21:00:00+10:00,90.106667,7217.735,7236.24
2024-01-07 22:00:00+10:00,90.8675,6830.4842,6845.67
2024-01-07 23:00:00+10:00,87.313333,6482.225,6494.51
2024-01-08 00:00:00+10:00,85.208333,6191.8542,6200.73
2024-01-08 01:00:00+10:00,85.278333,6014.015,6020.9
2024-01-08 02:00:00+10:00,72.878333,5902.6025,5907.94
2024-01-08 03:00:00+10:00,66.003333,5880.2167,5877.08
2024-01-08 04:00:00+10:00,66.245,5957.2117,5955.34
2024-01-08 05:00:00+10:00,70.293333,6153.8208,6143.69
2024-01-08 06:00:00+10:00,68.16,6342.7492,6332.5
2024-01-08 07:00:00+10:00,61.794167,6366.9592,6370.29
2024-01-08 08:00:00+10:00,61.3875,6513.7892,6507.74
2024-01-08 09:00:00+10:00,62.065833,6357.215,6362.63
2024-01-08 10:00:00+10:00,54.838333,6406.1792,6402.93
2024-01-08 11:00:00+10:00,41.880833,6506.29,6491.2
2024-01-08 12:00:00+10:00,46.4725,6762.005,6764.32
2024-01-08 13:00:00+10:00,64.553333,6965.0742,6952.44
2024-01-08 14:00:00+10:00,61.3625,7139.3608,7129.69
2024-01-08 15:00:00+10:00,97.083333,7570.2642,7546.34
2024-01-08 16:00:00+10:00,114.92917,8097.3683,8075.18
2024-01-08 17:00:00+10:00,122.42083,8616.14,8599.95
2024-01-08 18:00:00+10:00,216.03833,8757.1208,8755.43
2024-01-08 19:00:00+10:00,144.10417,8691.3183,8704.49
2024-01-08 20:00:00+10:00,224.34,8417.6625,8426.74
2024-01-08 21:00:00+10:00,134.61333,7966.03,7989.14
2024-01-08 22:00:00+10:00,99.8975,7388.5625,7411.98
2024-01-08 23:00:00+10:00,113.37917,6925.0917,6942.03
2024-01-09 00:00:00+10:00,105.30917,6587.2875,6599.9
2024-01-09 01:00:00+10:00,90.531667,6410.5125,6415.03
2024-01-09 02:00:00+10:00,85.294167,6252.7708,6258.7
2024-01-09 03:00:00+10:00,86.983333,6192.2983,6195.59
2024-01-09 04:00:00+10:00,105.4225,6252.5758,6246.55
2024-01-09 05:00:00+10:00,114.52833,6370.4767,6366.73
2024-01-09 06:00:00+10:00,92.554167,6610.6383,6588.69
2024-01-09 07:00:00+10:00,87.804167,7051.6492,7045.56
2024-01-09 08:00:00+10:00,83.73,7041.8083,7040.82
2024-01-09 09:00:00+10:00,67.155,7059.935,7060.03
2024-01-09 10:00:00+10:00,59.528333,6916.475,6930.7
2024-01-09 11:00:00+10:00,50.374167,6657.5858,6666.07
2024-01-09 12:00:00+10:00,59.824167,6599.7817,6591.14
2024-01-09 13:00:00+10:00,71.189167,7050.33,7027.01
2024-01-09 14:00:00+10:00,60.205833,7370.6292,7361.74
2024-01-09 15:00:00+10:00,81.818333,7868.2175,7838.51
2024-01-09 16:00:00+10:00,87.3075,8581.6992,8556.41
2024-01-09 17:00:00+10:00,147.10667,8926.35,8921.99
2024-01-09 18:00:00+10:00,191.755,8944.78,8940.96
2024-01-09 19:00:00+10:00,181.76833,8847.995,8859.45
2024-01-09 20:00:00+10:00,139.2575,8629.6833,8641.17
2024-01-09 21:00:00+10:00,115.1425,8114.8992,8140.78
2024-01-09 22:00:00+10:00,108.26583,7454.7183,7483.26
2024-01-09 23:00:00+10:00,145.20417,6987.7217,7001.9
2024-01-10 00:00:00+10:00,122.85083,6625.3133,6638.17
2024-01-10 01:00:00+10:00,126.08833,6422.0483,6426.45
2024-01-10 02:00:00+10:00,130.75667,6276.235,6282.44
2024-01-10 03:00:00+10:00,108.96083,6186.6133,6191.31
2024-01-10 04:00:00+10:00,136.0125,6237.2483,6230.42
2024-01-10 05:00:00+10:00,160.47167,6410.1433,6402.88
2024-01-10 06:00:00+10:00,75.769167,6661.24,6651.97
2024-01-10 07:00:00+10:00,52.765833,6681.4475,6686.87
2024-01-10 08:00:00+10:00,45.5,6478.9683,6487.38
2024-01-10 09:00:00+10:00,31.633333,6318.4008,6323.9
2024-01-10 10:00:00+10:00,47.848333,6357.9942,6351.32
2024-01-10 11:00:00+10:00,60.051667,6563.6217,6543.92
2024-01-10 12:00:00+10:00,69.4275,6889.9467,6891.11
2024-01-10 13:00:00+10:00,83.1375,7131.9908,7109.07
2024-01-10 14:00:00+10:00,96.764167,7598.9692,7584.81
2024-01-10 15:00:00+10:00,95.220833,7985.3842,7957.5
2024-01-10 16:00:00+10:00,111.20583,8818.4992,8784.47
2024-01-10 17:00:00+10:00,205.06333,9198.1342,9199.76
2024-01-10 18:00:00+10:00,226.04583,9149.39,9151.5
2024-01-10 19:00:00+10:00,200.60167,9032.565,9043.77
2024-01-10 20:00:00+10:00,125.24417,8672.3617,8690.3
2024-01-10 21:00:00+10:00,108.14417,8084.3817,8111.51
2024-01-10 22:00:00+10:00,88.536667,7462.945,7486.9
2024-01-10 23:00:00+10:00,91.198333,6971.2158,6992.32
2024-01-11 00:00:00+10:00,86.2825,6552.7217,6563.9
2024-01-11 01:00:00+10:00,75.58,6317.6933,6327.59
2024-01-11 02:00:00+10:00,63.0975,6148.56,6151.82
2024-01-11 03:00:00+10:00,62.189167,6040.7933,6043.48
2024-01-11 04:00:00+10:00,74.545,6070.335,6073.1
2024-01-11 05:00:00+10:00,92.761667,6179.0475,6170.04
2024-01-11 06:00:00+10:00,58.3275,6284.8575,6279.1
2024-01-11 07:00:00+10:00,79.490833,6444.925,6439.84
2024-01-11 08:00:00+10:00,83.451667,6501.4058,6504.96
2024-01-11 09:00:00+10:00,70.91,6398.2033,6393.93
2024-01-11 10:00:00+10:00,46.621667,6337.6483,6348.23
2024-01-11 11:00:00+10:00,39.0425,6154.6525,6155.35
2024-01-11 12:00:00+10:00,55.173333,6339.0267,6333.46
2024-01-11 13:00:00+10:00,46.776667,6424.565,6420.67
2024-01-11 14:00:00+10:00,55.828333,6593.2192,6580.83
2024-01-11 15:00:00+10:00,65.375,7083.1392,7056.12
2024-01-11 16:00:00+10:00,78.374167,7721.78,7696.15
2024-01-11 17:00:00+10:00,99.24,8274.7467,8256.21
2024-01-11 18:00:00+10:00,116.885,8459.1025,8457.22
2024-01-11 19:00:00+10:00,127.48583,8443.6708,8447.01
2024-01-11 20:00:00+10:00,100.0,8184.7825,8205.81
2024-01-11 21:00:00+10:00,99.696667,7660.3,7679.66
2024-01-11 22:00:00+10:00,101.065,7073.33,7096.33
2024-01-11 23:00:00+10:00,115.89,6647.1908,6666.41
2024-01-12 00:00:00+10:00,81.799167,6290.5083,6299.67
2024-01-12 01:00:00+10:00,73.999167,6104.8567,6112.9
2024-01-12 02:00:00+10:00,71.461667,5937.475,5943.58
2024-01-12 03:00:00+10:00,72.53,5876.0475,5875.12
2024-01-12 04:00:00+10:00,75.434167,5942.3967,5937.43
2024-01-12 05:00:00+10:00,88.133333,6092.8375,6086.26
2024-01-12 06:00:00+10:00,41.8275,6212.8475,6206.88
2024-01-12 07:00:00+10:00,14.838333,6368.5283,6362.11
2024-01-12 08:00:00+10:00,43.520833,6622.2575,6620.91
2024-01-12 09:00:00+10:00,21.193333,6479.6258,6487.13
2024-01-12 10:00:00+10:00,14.470833,6202.58,6208.42
2024-01-12 11:00:00+10:00,24.813333,6193.0008,6200.83
2024-01-12 12:00:00+10:00,19.720833,5875.4283,5878.65
2024-01-12 13:00:00+10:00,24.094167,5893.0758,5886.17
2024-01-12 14:00:00+10:00,57.534167,6379.1283,6351.3
2024-01-12 15:00:00+10:00,60.698333,6945.1267,6929.24
2024-01-12 16:00:00+10:00,86.000833,7639.0733,7600.21
2024-01-12 17:00:00+10:00,100.23917,8173.7225,8166.58
2024-01-12 18:00:00+10:00,124.97417,8171.1167,8172.1
2024-01-12 19:00:00+10:00,148.5125,8207.5783,8207.06
2024-01-12 20:00:00+10:00,120.75917,8032.4125,8049.1
2024-01-12 21:00:00+10:00,109.78667,7560.4967,7581.52
2024-01-12 22:00:00+10:00,97.475,7098.2892,7115.02
2024-01-12 23:00:00+10:00,109.22667,6728.2967,6743.44
2024-01-13 00:00:00+10:00,94.275,6329.545,6343.4
2024-01-13 01:00:00+10:00,81.97,6195.3158,6199.59
2024-01-13 02:00:00+10:00,73.461667,6039.1808,6044.3
2024-01-13 03:00:00+10:00,82.248333,6001.1533,6001.26
2024-01-13 04:00:00+10:00,79.989167,5979.43,5979.41
2024-01-13 05:00:00+10:00,73.124167,5993.0667,5995.6
2024-01-13 06:00:00+10:00,27.4575,5850.06,5853.6
2024-01-13 07:00:00+10:00,-3.3466667,5727.9125,5735.72
2024-01-13 08:00:00+10:00,17.554167,5711.0,5712.25
2024-01-13 09:00:00+10:00,19.88,5577.6258,5583.22
2024-01-13 10:00:00+10:00,17.5425,5485.1342,5489.5
2024-01-13 11:00:00+10:00,34.85,5355.8508,5357.63
2024-01-13 12:00:00+10:00,11.980833,5259.4125,5262.97
2024-01-13 13:00:00+10:00,2.3783333,5413.5317,5394.91
2024-01-13 14:00:00+10:00,34.358333,5862.945,5847.45
2024-01-13 15:00:00+10:00,36.684167,6528.2733,6492.01
2024-01-13 16:00:00+10:00,64.7975,7397.6342,7364.38
2024-01-13 17:00:00+10:00,95.4575,8017.0583,8001.39
2024-01-13 18:00:00+10:00,141.6325,8262.2283,8255.39
2024-01-13 19:00:00+10:00,100.60583,8237.265,8244.3
2024-01-13 20:00:00+10:00,85.358333,7926.1233,7942.42
2024-01-13 21:00:00+10:00,76.839167,7465.0733,7485.8
2024-01-13 22:00:00+10:00,64.988333,7051.7067,7067.51
2024-01-13 23:00:00+10:00,66.3775,6623.915,6638.82
2024-01-14 00:00:00+10:00,61.735,6312.6833,6324.69
2024-01-14 01:00:00+10:00,53.78,6072.9083,6084.04
2024-01-14 02:00:00+10:00,52.109167,5888.3092,5893.1
2024-01-14 03:00:00+10:00,54.366667,5819.615,5818.13
2024-01-14 04:00:00+10:00,59.585,5827.4733,5827.12
2024-01-14 05:00:00+10:00,54.305,5799.9142,5808.99
2024-01-14 06:00:00+10:00,-5.4133333,5485.5292,5500.74
2024-01-14 07:00:00+10:00,-19.5125,5134.9475,5147.97
2024-01-14 08:00:00+10:00,-19.4525,4948.7033,4952.57
2024-01-14 09:00:00+10:00,-14.985,4833.0725,4835.98
2024-01-14 10:00:00+10:00,-27.771667,4752.7733,4752.12
2024-01-14 11:00:00+10:00,-23.118333,4970.6225,4958.06
2024-01-14 12:00:00+10:00,-5.7141667,5260.7242,5251.94
2024-01-14 13:00:00+10:00,25.3575,5599.0525,5581.19
2024-01-14 14:00:00+10:00,42.903333,6163.0725,6133.93
2024-01-14 15:00:00+10:00,26.0275,6872.3942,6840.16
2024-01-14 16:00:00+10:00,61.608333,7777.325,7736.74
2024-01-14 17:00:00+10:00,175.09417,8540.855,8521.51
2024-01-14 18:00:00+10:00,364.12083,8658.785,8659.77
2024-01-14 19:00:00+10:00,242.75083,8518.0458,8525.68
2024-01-14 20:00:00+10:00,170.58583,8248.8725,8267.31
2024-01-14 21:00:00+10:00,111.65333,7767.6025,7786.94
2024-01-14 22:00:00+10:00,134.06417,7167.0133,7192.92
2024-01-14 23:00:00+10:00,110.12417,6725.8433,6745.85
2024-01-15 00:00:00+10:00,79.911667,6351.6825,6360.03
2024-01-15 01:00:00+10:00,86.881667,6175.4417,6182.77
2024-01-15 02:00:00+10:00,66.533333,6071.61,6073.81
2024-01-15 03:00:00+10:00,60.715833,5979.5825,5981.25
2024-01-15 04:00:00+10:00,78.500833,6081.9667,6072.56
2024-01-15 05:00:00+10:00,87.7625,6288.3208,6284.49
2024-01-15 06:00:00+10:00,66.6175,6489.4867,6480.6
2024-01-15 07:00:00+10:00,71.851667,6756.9825,6746.47
2024-01-15 08:00:00+10:00,56.578333,6567.01,6580.95
2024-01-15 09:00:00+10:00,75.770833,6663.7592,6651.54
2024-01-15 10:00:00+10:00,53.265833,6571.1533,6569.94
2024-01-15 11:00:00+10:00,67.498333,6966.9758,6960.62
2024-01-15 12:00:00+10:00,51.1075,6926.4042,6924.62
2024-01-15 13:00:00+10:00,62.934167,7212.7917,7195.06
2024-01-15 14:00:00+10:00,67.625833,7662.4858,7641.92
2024-01-15 15:00:00+10:00,60.463333,8078.2125,8066.37
2024-01-15 16:00:00+10:00,51.660833,8222.8558,8213.98
2024-01-15 17:00:00+10:00,53.1525,8373.225,8372.46
2024-01-15 18:00:00+10:00,127.7175,8428.0075,8423.99
2024-01-15 19:00:00+10:00,131.14917,8391.6108,8400.42
2024-01-15 20:00:00+10:00,122.86667,8136.51,8147.27
2024-01-15 21:00:00+10:00,104.78917,7685.8925,7713.2
2024-01-15 22:00:00+10:00,78.238333,7034.3317,7059.27
2024-01-15 23:00:00+10:00,72.411667,6511.1917,6529.93
2024-01-16 00:00:00+10:00,69.680833,6163.6267,6174.4
2024-01-16 01:00:00+10:00,73.23,6000.5275,6006.62
2024-01-16 02:00:00+10:00,58.18,5888.1242,5889.45
2024-01-16 03:00:00+10:00,65.543333,5851.2825,5852.67
2024-01-16 04:00:00+10:00,71.394167,5938.2017,5931.66
2024-01-16 05:00:00+10:00,95.210833,6140.535,6131.21
2024-01-16 06:00:00+10:00,61.335,6351.5375,6346.6
2024-01-16 07:00:00+10:00,60.451667,6472.6342,6468.56
2024-01-16 08:00:00+10:00,79.258333,6559.2883,6547.24
2024-01-16 09:00:00+10:00,58.16,6593.6167,6601.98
2024-01-16 10:00:00+10:00,70.9175,6585.4183,6575.23
2024-01-16 11:00:00+10:00,120.32083,6857.2433,6861.03
2024-01-16 12:00:00+10:00,86.896667,6771.9575,6764.32
2024-01-16 13:00:00+10:00,154.16917,6788.3808,6777.83
2024-01-16 14:00:00+10:00,162.98917,7428.505,7405.68
2024-01-16 15:00:00+10:00,118.06833,7641.3067,7645.84
2024-01-16 16:00:00+10:00,62.0225,7828.8367,7809.51
2024-01-16 17:00:00+10:00,71.4475,8113.0342,8099.85
2024-01-16 18:00:00+10:00,106.20167,8317.6042,8315.57
2024-01-16 19:00:00+10:00,103.7075,8287.59,8297.11
2024-01-16 20:00:00+10:00,84.818333,8085.0792,8092.55
2024-01-16 21:00:00+10:00,105.005,7642.2817,7667.53
2024-01-16 22:00:00+10:00,96.598333,7093.3967,7112.73
2024-01-16 23:00:00+10:00,75.7975,6683.905,6700.64
2024-01-17 00:00:00+10:00,60.035833,6313.8225,6326.13
2024-01-17 01:00:00+10:00,53.4325,6146.975,6152.04
2024-01-17 02:00:00+10:00,51.289167,5995.7483,6003.27
2024-01-17 03:00:00+10:00,54.243333,5956.6008,5954.85
2024-01-17 04:00:00+10:00,70.808333,6022.3158,6012.33
2024-01-17 05:00:00+10:00,88.296667,6228.98,6227.97
2024-01-17 06:00:00+10:00,65.906667,6412.5608,6402.64
2024-01-17 07:00:00+10:00,55.570833,6553.5208,6554.44
2024-01-17 08:00:00+10:00,88.086667,6648.2975,6640.8
2024-01-17 09:00:00+10:00,76.2475,6617.0117,6619.1
2024-01-17 10:00:00+10:00,68.743333,6611.325,6609.57
2024-01-17 11:00:00+10:00,70.198333,6605.8517,6604.71
2024-01-17 12:00:00+10:00,70.264167,6676.3858,6675.15
2024-01-17 13:00:00+10:00,68.005833,6800.995,6788.51
2024-01-17 14:00:00+10:00,82.148333,7211.5142,7191.33
2024-01-17 15:00:00+10:00,89.1825,7863.4875,7826.62
2024-01-17 16:00:00+10:00,123.07667,8736.9942,8709.32
2024-01-17 17:00:00+10:00,131.08917,9044.2508,9035.25
2024-01-17 18:00:00+10:00,609.3125,9204.5742,9204.87
2024-01-17 19:00:00+10:00,373.57583,9073.3608,9081.55
2024-01-17 20:00:00+10:00,148.9775,8817.135,8831.62
2024-01-17 21:00:00+10:00,134.9,8248.3492,8278.08
2024-01-17 22:00:00+10:00,109.87,7610.2192,7635.43
2024-01-17 23:00:00+10:00,92.77,7079.42,7100.79
2024-01-18 00:00:00+10:00,70.210833,6707.8242,6717.93
2024-01-18 01:00:00+10:00,76.025833,6447.7475,6459.52
2024-01-18 02:00:00+10:00,78.291667,6323.2567,6323.71
2024-01-18 03:00:00+10:00,73.845,6269.415,6271.39
2024-01-18 04:00:00+10:00,85.709167,6328.6483,6323.1
2024-01-18 05:00:00+10:00,93.3325,6545.5575,6536.03
2024-01-18 06:00:00+10:00,85.48,6790.4283,6781.94
2024-01-18 07:00:00+10:00,62.189167,7005.47,6997.73
2024-01-18 08:00:00+10:00,162.3725,7078.3433,7069.74
2024-01-18 09:00:00+10:00,134.58333,7234.3433,7235.26
2024-01-18 10:00:00+10:00,72.490833,7280.29,7267.68
2024-01-18 11:00:00+10:00,66.326667,7355.5842,7364.36
2024-01-18 12:00:00+10:00,71.745,7433.8658,7419.72
2024-01-18 13:00:00+10:00,122.83917,7810.5758,7792.65
2024-01-18 14:00:00+10:00,223.45417,8342.7792,8317.96
2024-01-18 15:00:00+10:00,1305.15,9220.4625,9185.42
2024-01-18 16:00:00+10:00,373.55083,9688.9417,9676.78
2024-01-18 17:00:00+10:00,440.9675,9690.7342,9698.49
2024-01-18 18:00:00+10:00,301.93083,9569.6958,9572.89
2024-01-18 19:00:00+10:00,409.51833,9315.515,9330.32
2024-01-18 20:00:00+10:00,416.43333,8870.8967,8893.88
2024-01-18 21:00:00+10:00,186.78,8249.2933,8278.93
2024-01-18 22:00:00+10:00,178.81333,7515.4383,7544.84
2024-01-18 23:00:00+10:00,102.1625,7016.9992,7032.45
2024-01-19 00:00:00+10:00,89.958333,6627.2033,6638.92
2024-01-19 01:00:00+10:00,87.745833,6396.555,6407.28
2024-01-19 02:00:00+10:00,89.47,6227.7625,6231.82
2024-01-19 03:00:00+10:00,87.691667,6212.0792,6211.88
2024-01-19 04:00:00+10:00,92.3375,6237.415,6231.69
2024-01-19 05:00:00+10:00,87.806667,6374.675,6373.58
2024-01-19 06:00:00+10:00,75.745,6543.7325,6534.19
2024-01-19 07:00:00+10:00,59.1025,6722.3683,6715.49
2024-01-19 08:00:00+10:00,53.2125,6792.0992,6792.17
2024-01-19 09:00:00+10:00,23.855833,6640.1875,6649.48
2024-01-19 10:00:00+10:00,32.706667,6679.7342,6669.79
2024-01-19 11:00:00+10:00,45.431667,7018.9358,7004.47
2024-01-19 12:00:00+10:00,72.809167,7311.6825,7296.77
2024-01-19 13:00:00+10:00,106.58083,7687.375,7666.83
2024-01-19 14:00:00+10:00,85.374167,8296.3667,8272.01
2024-01-19 15:00:00+10:00,147.72833,9009.9242,8974.65
2024-01-19 16:00:00+10:00,212.035,9650.8092,9629.13
2024-01-19 17:00:00+10:00,2508.4925,10038.182,10034.84
2024-01-19 18:00:00+10:00,6748.6075,9901.7308,9908.36
2024-01-19 19:00:00+10:00,1907.7325,9709.2575,9721.31
2024-01-19 20:00:00+10:00,190.9625,9375.6892,9393.33
2024-01-19 21:00:00+10:00,173.74083,8799.6583,8826.7
2024-01-19 22:00:00+10:00,204.71417,8100.5108,8128.22
2024-01-19 23:00:00+10:00,94.229167,7569.3725,7590.96
2024-01-20 00:00:00+10:00,77.895,7047.465,7060.65
2024-01-20 01:00:00+10:00,129.81417,6806.0233,6815.64
2024-01-20 02:00:00+10:00,164.205,6590.1233,6599.42
2024-01-20 03:00:00+10:00,166.86583,6500.1817,6502.68
2024-01-20 04:00:00+10:00,96.2925,6450.8808,6449.88
2024-01-20 05:00:00+10:00,86.9125,6456.1883,6458.77
2024-01-20 06:00:00+10:00,64.413333,6410.6233,6410.78
2024-01-20 07:00:00+10:00,60.209167,6483.9383,6482.94
2024-01-20 08:00:00+10:00,51.936667,6377.2608,6385.29
2024-01-20 09:00:00+10:00,61.538333,6395.6883,6382.63
2024-01-20 10:00:00+10:00,68.041667,6657.6442,6651.16
2024-01-20 11:00:00+10:00,65.8175,6770.325,6765.13
2024-01-20 12:00:00+10:00,66.6975,6835.6667,6831.48
2024-01-20 13:00:00+10:00,57.436667,6894.9417,6879.88
2024-01-20 14:00:00+10:00,155.3925,7555.215,7542.11
2024-01-20 15:00:00+10:00,114.49083,7968.3742,7936.47
2024-01-20 16:00:00+10:00,137.29333,8748.5825,8723.72
2024-01-20 17:00:00+10:00,171.3425,8927.9317,8929.92
2024-01-20 18:00:00+10:00,325.65333,9049.1433,9042.09
2024-01-20 19:00:00+10:00,272.8575,9017.2958,9021.05
2024-01-20 20:00:00+10:00,197.87917,8770.9558,8792.66
2024-01-20 21:00:00+10:00,155.06833,8276.2242,8297.79
2024-01-20 22:00:00+10:00,215.81333,7662.8475,7685.64
2024-01-20 23:00:00+10:00,169.9325,7258.2025,7276.12
2024-01-21 00:00:00+10:00,174.58583,6830.9158,6842.44
2024-01-21 01:00:00+10:00,104.61917,6654.1975,6662.91
2024-01-21 02:00:00+10:00,148.71833,6482.3717,6484.58
2024-01-21 03:00:00+10:00,122.39833,6397.0175,6400.54
2024-01-21 04:00:00+10:00,108.08833,6307.25,6309.14
2024-01-21 05:00:00+10:00,84.673333,6257.34,6265.66
2024-01-21 06:00:00+10:00,17.749167,6076.1525,6080.52
2024-01-21 07:00:00+10:00,33.105833,5992.5667,5994.52
2024-01-21 08:00:00+10:00,43.905833,5955.9717,5955.94
2024-01-21 09:00:00+10:00,41.338333,5986.5092,5987.0
2024-01-21 10:00:00+10:00,42.260833,6067.325,6057.73
2024-01-21 11:00:00+10:00,51.908333,6300.0442,6289.07
2024-01-21 12:00:00+10:00,52.110833,6501.7075,6496.76
2024-01-21 13:00:00+10:00,47.075,6784.2258,6764.86
2024-01-21 14:00:00+10:00,59.194167,7355.7925,7331.79
2024-01-21 15:00:00+10:00,116.05917,8108.1867,8061.72
2024-01-21 16:00:00+10:00,107.10333,9080.7175,9045.47
2024-01-21 17:00:00+10:00,913.9325,9807.7158,9787.95
2024-01-21 18:00:00+10:00,11908.402,10003.056,10007.26
2024-01-21 19:00:00+10:00,1034.1125,9856.9575,9864.02
2024-01-21 20:00:00+10:00,368.9125,9465.9308,9490.04
2024-01-21 21:00:00+10:00,293.03667,8769.185,8801.85
2024-01-21 22:00:00+10:00,263.965,8014.0742,8046.9
2024-01-21 23:00:00+10:00,166.5375,7434.745,7451.97
2024-01-22 00:00:00+10:00,97.659167,7064.0267,7073.74
2024-01-22 01:00:00+10:00,102.67833,6841.8692,6852.69
2024-01-22 02:00:00+10:00,92.583333,6653.2675,6657.09
2024-01-22 03:00:00+10:00,85.935,6539.8717,6548.07
2024-01-22 04:00:00+10:00,142.25167,6546.1092,6537.04
2024-01-22 05:00:00+10:00,200.00417,6767.0183,6759.51
2024-01-22 06:00:00+10:00,78.595,7141.9308,7120.53
2024-01-22 07:00:00+10:00,65.389167,7503.5608,7497.89
2024-01-22 08:00:00+10:00,62.750833,7459.98,7463.21
2024-01-22 09:00:00+10:00,61.753333,7449.0625,7446.0
2024-01-22 10:00:00+10:00,65.144167,7567.3967,7560.86
2024-01-22 11:00:00+10:00,70.710833,7778.8233,7768.77
2024-01-22 12:00:00+10:00,72.716667,8127.2442,8109.77
2024-01-22 13:00:00+10:00,101.61333,8628.9225,8602.3
2024-01-22 14:00:00+10:00,110.18167,9220.8017,9204.62
2024-01-22 15:00:00+10:00,131.72083,9933.0483,9893.98
2024-01-22 16:00:00+10:00,77.579167,10850.857,10818.77
2024-01-22 17:00:00+10:00,241.185,10862.305,10877.24
2024-01-22 18:00:00+10:00,2353.2883,10389.565,10407.41
2024-01-22 19:00:00+10:00,253.97917,10056.311,10075.68
2024-01-22 20:00:00+10:00,98.638333,9362.2525,9393.96
2024-01-22 21:00:00+10:00,96.953333,8743.38,8762.35
2024-01-22 22:00:00+10:00,83.990833,8041.14,8072.61
2024-01-22 23:00:00+10:00,68.825833,7454.4283,7475.12
2024-01-23 00:00:00+10:00,69.049167,7054.345,7070.16
2024-01-23 01:00:00+10:00,60.563333,6733.4467,6748.98
2024-01-23 02:00:00+10:00,75.541667,6557.8883,6559.78
2024-01-23 03:00:00+10:00,62.625,6469.8667,6471.73
2024-01-23 04:00:00+10:00,71.151667,6524.0258,6519.24
2024-01-23 05:00:00+10:00,91.616667,6738.69,6728.19
2024-01-23 06:00:00+10:00,73.835,7066.1342,7050.89
2024-01-23 07:00:00+10:00,74.914167,7418.9483,7408.29
2024-01-23 08:00:00+10:00,57.533333,7386.9733,7390.39
2024-01-23 09:00:00+10:00,52.701667,7354.0917,7355.75
2024-01-23 10:00:00+10:00,63.4025,7330.21,7332.87
2024-01-23 11:00:00+10:00,58.676667,7238.5625,7244.11
2024-01-23 12:00:00+10:00,65.121667,7299.0417,7292.08
2024-01-23 13:00:00+10:00,54.0625,7323.4125,7317.46
2024-01-23 14:00:00+10:00,53.545833,7619.89,7608.54
2024-01-23 15:00:00+10:00,51.1425,7958.1392,7942.4
2024-01-23 16:00:00+10:00,63.305,8229.1767,8215.12
2024-01-23 17:00:00+10:00,71.288333,8524.7792,8518.35
2024-01-23 18:00:00+10:00,196.73833,8665.1067,8660.94
2024-01-23 19:00:00+10:00,140.16083,8584.7425,8596.09
2024-01-23 20:00:00+10:00,102.01417,8217.7992,8236.48
2024-01-23 21:00:00+10:00,97.645,7728.175,7747.93
2024-01-23 22:00:00+10:00,93.029167,7201.6208,7225.12
2024-01-23 23:00:00+10:00,93.49,6850.285,6863.0
2024-01-24 00:00:00+10:00,83.245833,6419.68,6431.31
2024-01-24 01:00:00+10:00,76.993333,6238.4825,6245.56
2024-01-24 02:00:00+10:00,66.2075,6099.7108,6105.93
2024-01-24 03:00:00+10:00,65.8,6032.1733,6032.79
2024-01-24 04:00:00+10:00,70.374167,6065.1825,6058.25
2024-01-24 05:00:00+10:00,83.771667,6319.1192,6310.98
2024-01-24 06:00:00+10:00,67.236667,6562.55,6552.78
2024-01-24 07:00:00+10:00,57.576667,6619.0017,6625.32
2024-01-24 08:00:00+10:00,50.519167,6285.9908,6296.63
2024-01-24 09:00:00+10:00,36.633333,6185.3683,6189.62
2024-01-24 10:00:00+10:00,47.035833,6104.3908,6106.41
2024-01-24 11:00:00+10:00,51.115,6123.7292,6117.46
2024-01-24 12:00:00+10:00,52.6575,6323.5,6318.95
2024-01-24 13:00:00+10:00,54.725,6341.4425,6338.62
2024-01-24 14:00:00+10:00,52.168333,6541.1083,6527.84
2024-01-24 15:00:00+10:00,56.110833,7073.7608,7041.27
2024-01-24 16:00:00+10:00,87.3775,7970.6417,7933.64
2024-01-24 17:00:00+10:00,102.54417,8609.155,8591.11
2024-01-24 18:00:00+10:00,576.04417,8796.2958,8796.39
2024-01-24 19:00:00+10:00,158.835,8739.7292,8743.99
2024-01-24 20:00:00+10:00,145.32667,8447.2475,8466.08
2024-01-24 21:00:00+10:00,124.45667,7809.3225,7841.89
2024-01-24 22:00:00+10:00,105.00667,7134.2425,7158.75
2024-01-24 23:00:00+10:00,87.883333,6651.8508,6669.45
2024-01-25 00:00:00+10:00,89.571667,6282.5892,6292.98
2024-01-25 01:00:00+10:00,87.1875,6095.6325,6100.77
2024-01-25 02:00:00+10:00,87.6125,5966.2042,5974.13
2024-01-25 03:00:00+10:00,87.97,5880.26,5879.57
2024-01-25 04:00:00+10:00,86.689167,5910.2175,5906.18
2024-01-25 05:00:00+10:00,93.6875,6114.16,6108.14
2024-01-25 06:00:00+10:00,74.704167,6312.635,6302.67
2024-01-25 07:00:00+10:00,44.829167,6356.5083,6366.34
2024-01-25 08:00:00+10:00,13.62,6069.2567,6075.17
2024-01-25 09:00:00+10:00,29.891667,6000.5442,6004.99
2024-01-25 10:00:00+10:00,42.9,5890.8158,5893.77
2024-01-25 11:00:00+10:00,38.6,5883.4917,5877.51
2024-01-25 12:00:00+10:00,32.95,6100.14,6090.34
2024-01-25 13:00:00+10:00,33.35,6436.9725,6419.53
2024-01-25 14:00:00+10:00,58.295,6850.4417,6836.48
2024-01-25 15:00:00+10:00,112.19917,7381.0158,7342.71
2024-01-25 16:00:00+10:00,85.886667,8372.2425,8337.84
2024-01-25 17:00:00+10:00,125.58667,8919.3892,8905.24
2024-01-25 18:00:00+10:00,326.11417,9003.365,9006.45
2024-01-25 19:00:00+10:00,214.845,8820.5583,8834.13
2024-01-25 20:00:00+10:00,163.29667,8403.6142,8421.97
2024-01-25 21:00:00+10:00,129.09333,7777.2633,7809.33
2024-01-25 22:00:00+10:00,113.18167,7232.2467,7249.12
2024-01-25 23:00:00+10:00,89.185,6766.4525,6788.37
2024-01-26 00:00:00+10:00,85.035,6307.625,6323.1
2024-01-26 01:00:00+10:00,66.658333,6043.9167,6053.07
2024-01-26 02:00:00+10:00,62.943333,5889.4633,5890.29
2024-01-26 03:00:00+10:00,61.295,5844.5625,5847.51
2024-01-26 04:00:00+10:00,69.0925,5848.8733,5847.5
2024-01-26 05:00:00+10:00,51.335,5833.1783,5838.76
2024-01-26 06:00:00+10:00,0.57166667,5718.5117,5720.97
2024-01-26 07:00:00+10:00,19.815833,5750.7567,5743.54
2024-01-26 08:00:00+10:00,36.32,5962.1767,5952.91
2024-01-26 09:00:00+10:00,83.5275,6332.3367,6317.86
2024-01-26 10:00:00+10:00,50.6325,6506.4017,6496.17
2024-01-26 11:00:00+10:00,67.890833,6857.9383,6839.51
2024-01-26 12:00:00+10:00,47.943333,7071.9983,7070.71
2024-01-26 13:00:00+10:00,41.69,7181.2933,7172.48
2024-01-26 14:00:00+10:00,58.3825,7529.3808,7511.12
2024-01-26 15:00:00+10:00,57.038333,8010.0725,7997.12
2024-01-26 16:00:00+10:00,79.798333,8397.865,8374.84
2024-01-26 17:00:00+10:00,136.00167,8832.375,8816.43
2024-01-26 18:00:00+10:00,1474.8517,9055.205,9050.97
2024-01-26 19:00:00+10:00,266.215,9114.575,9118.03
2024-01-26 20:00:00+10:00,187.9075,8807.1392,8827.22
2024-01-26 21:00:00+10:00,254.6275,8406.0283,8424.05
2024-01-26 22:00:00+10:00,196.1025,7825.7517,7848.21
2024-01-26 23:00:00+10:00,120.48083,7331.9,7353.06
2024-01-27 00:00:00+10:00,100.57917,6942.62,6951.11
2024-01-27 01:00:00+10:00,88.8325,6712.1392,6724.5
2024-01-27 02:00:00+10:00,85.284167,6526.3758,6529.45
2024-01-27 03:00:00+10:00,80.084167,6434.0708,6439.45
2024-01-27 04:00:00+10:00,83.284167,6427.3733,6426.05
2024-01-27 05:00:00+10:00,92.186667,6434.2867,6434.8
2024-01-27 06:00:00+10:00,56.136667,6386.8267,6389.2
2024-01-27 07:00:00+10:00,53.005833,6399.5367,6398.45
2024-01-27 08:00:00+10:00,53.479167,6475.1525,6468.81
2024-01-27 09:00:00+10:00,60.918333,6609.5583,6604.88
2024-01-27 10:00:00+10:00,72.313333,6868.2708,6849.13
2024-01-27 11:00:00+10:00,68.440833,7125.1767,7118.5
2024-01-27 12:00:00+10:00,89.9775,7379.5892,7371.34
2024-01-27 13:00:00+10:00,86.296667,7660.1708,7643.37
2024-01-27 14:00:00+10:00,99.959167,8304.1792,8276.66
2024-01-27 15:00:00+10:00,44.900833,8835.0542,8808.0
2024-01-27 16:00:00+10:00,63.16,9449.7208,9430.69
2024-01-27 17:00:00+10:00,596.90167,9994.93,9968.9
2024-01-27 18:00:00+10:00,8360.3,10158.505,10162.54
2024-01-27 19:00:00+10:00,533.32583,9976.3092,9993.48
2024-01-27 20:00:00+10:00,223.59333,9456.5508,9481.84
2024-01-27 21:00:00+10:00,233.33583,8977.9583,8993.69
2024-01-27 22:00:00+10:00,328.3325,8381.5433,8410.34
2024-01-27 23:00:00+10:00,235.85,7838.7167,7853.92
2024-01-28 00:00:00+10:00,205.82083,7410.5875,7430.34
2024-01-28 01:00:00+10:00,173.74,7194.2292,7201.48
2024-01-28 02:00:00+10:00,129.85833,6884.1992,6896.43
2024-01-28 03:00:00+10:00,86.995,6686.375,6693.44
2024-01-28 04:00:00+10:00,66.615833,6592.4467,6592.85
2024-01-28 05:00:00+10:00,73.545,6550.5733,6551.3
2024-01-28 06:00:00+10:00,75.8675,6571.9708,6567.76
2024-01-28 07:00:00+10:00,147.58667,6792.0917,6780.68
2024-01-28 08:00:00+10:00,168.53,7101.0433,7089.07
2024-01-28 09:00:00+10:00,179.9,7382.0,7371.64
2024-01-28 10:00:00+10:00,62.5925,7294.8842,7309.1
2024-01-28 11:00:00+10:00,40.78,6883.1958,6899.48
2024-01-28 12:00:00+10:00,42.366667,6774.0417,6768.69
2024-01-28 13:00:00+10:00,58.761667,7243.2592,7220.8
2024-01-28 14:00:00+10:00,61.910833,7429.5958,7425.89
2024-01-28 15:00:00+10:00,49.424167,7795.8475,7776.58
2024-01-28 16:00:00+10:00,88.150833,8341.6692,8304.75
2024-01-28 17:00:00+10:00,287.0075,9121.7683,9100.99
2024-01-28 18:00:00+10:00,2161.2742,9397.4883,9395.01
2024-01-28 19:00:00+10:00,372.32833,9308.2583,9318.97
2024-01-28 20:00:00+10:00,206.3,8770.1042,8797.92
2024-01-28 21:00:00+10:00,192.87333,8373.5917,8384.14
2024-01-28 22:00:00+10:00,123.3925,7838.9433,7866.32
2024-01-28 23:00:00+10:00,110.28083,7292.9875,7310.07
2024-01-29 00:00:00+10:00,114.70583,6916.8842,6932.35
2024-01-29 01:00:00+10:00,110.85583,6727.965,6734.28
2024-01-29 02:00:00+10:00,100.32333,6628.8817,6631.43
2024-01-29 03:00:00+10:00,79.143333,6541.0767,6545.15
2024-01-29 04:00:00+10:00,107.935,6627.27,6618.38
2024-01-29 05:00:00+10:00,149.04583,6901.6208,6886.98
2024-01-29 06:00:00+10:00,112.68667,7333.9808,7316.35
2024-01-29 07:00:00+10:00,99.6775,7769.9667,7753.39
2024-01-29 08:00:00+10:00,106.05833,7877.7825,7877.45
2024-01-29 09:00:00+10:00,119.89167,7883.6983,7883.85
2024-01-29 10:00:00+10:00,76.653333,7836.8233,7840.02
2024-01-29 11:00:00+10:00,121.02583,8016.3242,8003.45
2024-01-29 12:00:00+10:00,208.66417,8314.6633,8298.54
2024-01-29 13:00:00+10:00,268.07333,8778.7867,8765.78
2024-01-29 14:00:00+10:00,97.048333,8717.8408,8715.16
2024-01-29 15:00:00+10:00,277.22417,9329.4392,9298.51
2024-01-29 16:00:00+10:00,376.45917,9767.6625,9756.89
2024-01-29 17:00:00+10:00,2382.765,9911.7858,9905.17
2024-01-29 18:00:00+10:00,8028.3583,9925.0783,9928.07
2024-01-29 19:00:00+10:00,288.90583,9708.245,9728.03
2024-01-29 20:00:00+10:00,215.75667,9249.7092,9270.57
2024-01-29 21:00:00+10:00,221.0625,8685.4225,8705.37
2024-01-29 22:00:00+10:00,146.04083,7902.9242,7942.48
2024-01-29 23:00:00+10:00,263.74,7378.1117,7393.07
